case_id,idx,x,y,s,s_norm,fs_raw,fs_centered,fs_norm,valid
bird_136_symmetrical_8_1,0,29.393436069094683,76.54455739861444,0.0,0.0,0.0,,0.0,False
bird_136_symmetrical_8_1,1,29.64694834512931,76.56297596822502,0.2541804827416071,0.004020328221329851,0.0,,0.0,False
bird_136_symmetrical_8_1,2,29.900460621163937,76.58139453783559,0.5083609654832142,0.008040656442659702,0.0,,0.0,False
bird_136_symmetrical_8_1,3,30.004074591772426,76.37636281226648,0.7380865918184258,0.011674186479098441,1.3958716254222179,0.32208020050569397,0.8057942660596685,True
bird_136_symmetrical_8_1,4,30.071325801209078,76.13126398293508,0.9922443406877326,0.015694155122747886,1.1123635181610918,0.038572093244567895,0.6421336521093388,True
bird_136_symmetrical_8_1,5,30.137638341285914,75.8858870924099,1.246423748538266,0.0197144663427137,1.0754996691720875,0.0017082442555635957,0.6208532724531908,True
bird_136_symmetrical_8_1,6,30.20032576361217,75.63956659288101,1.50059593703668,0.023734663375450216,1.0742674693549905,0.00047604443846660516,0.6201419609477676,True
bird_136_symmetrical_8_1,7,30.257425524053282,75.39188267482866,1.7547763963646805,0.02775499122645115,1.0739484700053514,0.00015704508882752322,0.6199578123182415,True
bird_136_symmetrical_8_1,8,30.314526259751066,75.14419939692786,2.0089564509891837,0.031775312676327674,1.0739409588059623,0.0001495338894383913,0.6199534763311144,True
bird_136_symmetrical_8_1,9,30.37129842487845,74.89644834393756,2.2631289573525812,0.035795514736679024,1.0742238368027042,0.0004324118861802617,0.6201167732014122,True
bird_136_symmetrical_8_1,10,30.423157648675925,74.64762679470905,2.517297292228018,0.03981565081733518,1.0743876374910146,0.0005962125744907176,0.6202113303605473,True
bird_136_symmetrical_8_1,11,30.47156014347928,74.39809743042035,2.7714777500636156,0.04383597864473104,1.0745132046218366,0.0007217797053127306,0.6202838164489377,True
bird_136_symmetrical_8_1,12,30.516920861414008,74.14802674485915,3.025629166562917,0.04785584713039209,1.07479167382599,0.0010002489094660394,0.6204445682572661,True
bird_136_symmetrical_8_1,13,30.555572697944882,73.89681454352707,3.2797974859210135,0.05187598296561319,1.0746018857168036,0.0008104608002796887,0.6203350093498684,True
bird_136_symmetrical_8_1,14,30.590884579291156,73.64509969392333,3.533977135923229,0.05589629801564979,1.0745349014002772,0.0007434764837532803,0.6202963413397234,True
bird_136_symmetrical_8_1,15,30.621779648265118,73.39283186848635,3.788129769270997,0.059916185747990125,1.0743952584956595,0.0006038335791356264,0.6202157297349115,True
bird_136_symmetrical_8_1,16,30.64842789772709,73.14005264195012,4.042309757798112,0.06393650615241582,1.0742058285469858,0.000414403630461857,0.6201063775826925,True
bird_136_symmetrical_8_1,17,30.672755156884804,72.88704488445559,4.296484384561952,0.06795674175076996,1.0741178830500484,0.0003264581335244987,0.6200556093201479,True
bird_136_symmetrical_8_1,18,30.693490447522045,72.6337181487493,4.550658315761471,0.07197696634750493,1.0739546634194475,0.00016323850292354614,0.619961387587969,True
bird_136_symmetrical_8_1,19,30.712420784804532,72.38024360641525,4.804838765995322,0.0759972940546653,1.0738691814181776,7.775650165364745e-05,0.6199120414266028,True
bird_136_symmetrical_8_1,20,30.730726716248142,72.1267235779401,5.059018843822164,0.08001761587152915,1.0738713682386545,7.99433221305712e-05,0.6199133038116024,True
bird_136_symmetrical_8_1,21,30.747375017645513,71.87309123615704,5.313196991462312,0.0840379071589678,1.0738867043414886,9.527942496467823e-05,0.619922156877674,True
bird_136_symmetrical_8_1,22,30.76278697942241,71.61937855113874,5.567377350862891,0.0880582334294342,1.0739084286659972,0.00011700374947332115,0.6199346976699678,True
bird_136_symmetrical_8_1,23,30.77629221413479,71.36556101189554,5.821553932380761,0.0920784999457908,1.073871393412752,7.996849622804447e-05,0.6199133183438438,True
bird_136_symmetrical_8_1,24,30.787520332169258,71.1116302700301,6.075732791255618,0.09609880248270439,1.073800048136356,8.623219832193385e-06,0.6198721328841044,True
bird_136_symmetrical_8_1,25,30.79909414577345,70.85771500040144,6.329911699334045,0.10011910579786225,1.0737919034568275,4.785403036056124e-07,0.6198674312081455,True
bird_136_symmetrical_8_1,26,30.810989879355965,70.60381326461643,6.584091950164249,0.10413943035109002,1.0737938733715209,2.448454996972771e-06,0.6198685683800284,True
bird_136_symmetrical_8_1,27,30.822259373976948,70.34988289501638,6.838272268273723,0.10815975596846222,1.0737964560363298,5.031119805876116e-06,0.6198700592739302,True
bird_136_symmetrical_8_1,28,30.833226435666127,70.09593912388702,7.0924527461580285,0.11218008411296498,1.0738092131009855,1.7788184461631218e-05,0.6198774235396436,True
bird_136_symmetrical_8_1,29,30.8441755679374,69.84199457516188,7.346633227951401,0.11620041231929677,1.0738830597770432,9.163486051932956e-05,0.6199200529813853,True
bird_136_symmetrical_8_1,30,30.853716676845284,69.58799653610338,7.600810403568638,0.12022068823241912,1.0739699855862377,0.0001785606697137787,0.6199702326091862,True
bird_136_symmetrical_8_1,31,30.860032519464646,69.33390180872088,7.854983612919224,0.1242409014117958,1.0738634206014663,7.199568494242747e-05,0.6199087158821981,True
bird_136_symmetrical_8_1,32,30.864193907567657,69.07975562349638,8.109163865132313,0.12826122598689643,1.0737950727483891,3.647831865238871e-06,0.619869260743843,True
bird_136_symmetrical_8_1,33,30.869605327013545,68.82563773353878,8.36333936642408,0.1322814754175058,1.0738477345788313,5.630966230740775e-05,0.6198996608180601,True
bird_136_symmetrical_8_1,34,30.876984752741123,68.57156467688164,8.617519566367301,0.13630179916586305,1.073860070619788,6.864570326414743e-05,0.6199067820395878,True
bird_136_symmetrical_8_1,35,30.884767430483393,68.31750337030908,8.871700048643563,0.1403221273798326,1.0739432307324632,0.00015180581593932096,0.6199547878452351,True
bird_136_symmetrical_8_1,36,30.894116144171694,68.06350027864188,9.125875124180332,0.14434237007634965,1.0740703252516932,0.00027890033516930757,0.620028155648533,True
bird_136_symmetrical_8_1,37,30.907053285198607,67.80965700054028,9.380047859648391,0.14836257576040932,1.0739843366365605,0.00019291172003654822,0.6199785170343807,True
bird_136_symmetrical_8_1,38,30.923201712609828,67.55599270776416,9.634225642189403,0.15238286127313883,1.0738183307282145,2.6905811690625114e-05,0.6198826868687402,True
bird_136_symmetrical_8_1,39,30.93906379358545,67.30231410801001,9.888399672306772,0.15640308743444012,1.0737945761060734,3.15118954952176e-06,0.619868974047328,True
bird_136_symmetrical_8_1,40,30.9541026902016,67.04858308496678,10.142575989980145,0.16042334977761447,1.0738097057188691,1.8280802345227443e-05,0.6198777079129761,True
bird_136_symmetrical_8_1,41,30.97127875756762,66.79498411758874,10.396755952891013,0.1644436697768725,1.073793167141239,1.7422247151621661e-06,0.6198681606947504,True
bird_136_symmetrical_8_1,42,30.988452558046955,66.54138559769886,10.650935316162778,0.16846398029174373,1.0737939990083345,2.574091810592094e-06,0.6198686409063424,True
bird_136_symmetrical_8_1,43,31.00477026540503,66.28772944409197,10.90511578715941,0.17248430832730535,1.0737926500927477,1.225176223806912e-06,0.6198678622183704,True
bird_136_symmetrical_8_1,44,31.020923715901798,66.03406297541613,11.159296060377883,0.17650463323464446,1.073793083793909,1.6588773850134686e-06,0.6198681125808697,True
bird_136_symmetrical_8_1,45,31.037124086244493,65.78039994640244,11.413475887051131,0.18052495107905586,1.0738099115046447,1.848658812075854e-05,0.6198778267068501,True
bird_136_symmetrical_8_1,46,31.054357608529774,65.52680465710266,11.667656069294745,0.18454527454746153,1.0738171564229688,2.5731506444914842e-05,0.6198820089780113,True
bird_136_symmetrical_8_1,47,31.07233063878732,65.27326059810053,11.921836358994618,0.18856559971548406,1.0738147057423595,2.3280825835580998e-05,0.6198805942745765,True
bird_136_symmetrical_8_1,48,31.091162110526305,65.01977937719427,12.176016125459196,0.19258591660758545,1.0738046964209433,1.3271504419432034e-05,0.619874816197526,True
bird_136_symmetrical_8_1,49,31.11074902213804,64.76635470285478,12.430196598097359,0.19660624466911092,1.073803816795177,1.239187865298419e-05,0.6198743084163046,True
bird_136_symmetrical_8_1,50,31.13004704692512,64.51290799633729,12.68437694117142,0.20062657068134362,1.0738578151800728,6.639026354893218e-05,0.6199054800427874,True
bird_136_symmetrical_8_1,51,31.15019960647069,64.25953365405266,12.938551454025102,0.20464680447800074,1.0739643514071024,0.00017292649057853993,0.6199669801688052,True
bird_136_symmetrical_8_1,52,31.173963291200526,64.00647184708404,13.192726572512653,0.20866704785386275,1.0738854483993736,9.40234828497033e-05,0.6199214318604617,True
bird_136_symmetrical_8_1,53,31.199385043266062,63.753567807529926,13.446905089899296,0.21268734498951702,1.073802063662356,1.0638745832070029e-05,0.6198732963860083,True
bird_136_symmetrical_8_1,54,31.22414433944148,63.500598460605694,13.701083203100206,0.21670763573223625,1.0737921309079759,7.05991451965815e-07,0.6198675625087807,True
bird_136_symmetrical_8_1,55,31.250083258812452,63.24774557430803,13.95526307965851,0.22072795436567086,1.073818787773154,2.7362856630075427e-05,0.6198829507068933,True
bird_136_symmetrical_8_1,56,31.274879415029716,62.99477797307796,14.209443048647504,0.22474827446106554,1.073886183031721,9.47581151971022e-05,0.6199218559413889,True
bird_136_symmetrical_8_1,57,31.298159196102294,62.74166835556955,14.463620991597004,0.22876856251094801,1.073920123343533,0.0001286984270090219,0.6199414486518847,True
bird_136_symmetrical_8_1,58,31.31873643768961,62.4883270110743,14.717796638939557,0.2327888142516171,1.0738217304693614,3.0305552837450733e-05,0.6198846494359793,True
bird_136_symmetrical_8_1,59,31.337858904001564,62.23486946675153,14.971974520534273,0.2368091013310617,1.073805674086162,1.4249169637992054e-05,0.6198753805739435,True
bird_136_symmetrical_8_1,60,31.358878450777205,61.98155981470484,15.226154773832343,0.24082942592332326,1.0738437923475368,5.2367431012889654e-05,0.619897385087746,True
bird_136_symmetrical_8_1,61,31.380730312516963,61.72832086913866,15.48033476402229,0.24484974635404969,1.0739100379675506,0.00011861305102667252,0.6199356266708447,True
bird_136_symmetrical_8_1,62,31.40388613657537,61.47519880423409,15.73451377953966,0.24887005136855048,1.0740582398679512,0.0002668149514273299,0.6200211791237974,True
bird_136_symmetrical_8_1,63,31.429449665257266,61.22231292205469,15.988688450591523,0.25289028766740057,1.0742621960612047,0.0004707711446807483,0.6201389168355309,True
bird_136_symmetrical_8_1,64,31.45895775454977,60.96985874212406,16.2428613057475,0.25691049524454307,1.0742356851603663,0.00044426024384236484,0.6201236128981956,True
bird_136_symmetrical_8_1,65,31.492482575508454,60.71790242842018,16.497038207993867,0.2609307668338062,1.0739894496224123,0.00019802470588836663,0.6199814686057192,True
bird_136_symmetrical_8_1,66,31.528265306053605,60.46625324180786,16.751218689006688,0.2649510950277922,1.0738402714506743,4.884653415038187e-05,0.6198953525809943,True
bird_136_symmetrical_8_1,67,31.564063402932902,60.2146062466142,17.005399164122654,0.2689714231285086,1.0738430588173997,5.1633900875813765e-05,0.6198969616430913,True
bird_136_symmetrical_8_1,68,31.600377414508017,59.963035751033196,17.259577097239497,0.2729917110228696,1.0739540589988459,0.0001626340823219774,0.6199610386743253,True
bird_136_symmetrical_8_1,69,31.639196504370002,59.71183861646726,17.513756014838595,0.2770120144886143,1.0740601441201376,0.0002687192036137098,0.6200222783907107,True
bird_136_symmetrical_8_1,70,31.680429839843253,59.46102947024565,17.767931969214033,0.2810322710855688,1.074134221044079,0.0003427961275550562,0.6200650407475579,True
bird_136_symmetrical_8_1,71,31.725007940178525,59.21079025047829,18.022110792366707,0.28505257305747084,1.074077010665833,0.0002855857493091474,0.620032014934933,True
bird_136_symmetrical_8_1,72,31.771932727731798,58.96098110877238,18.27628896406279,0.289072864725398,1.0740627132543503,0.00027128833782641415,0.6200237614738106,True
bird_136_symmetrical_8_1,73,31.82136111702354,58.7116535048723,18.530468860464,0.29309318367268444,1.074099976720585,0.00030855180406108573,0.6200452725403575,True
bird_136_symmetrical_8_1,74,31.8726133778501,58.46269843995561,18.784644820356963,0.2971134403569086,1.0743641216371038,0.0005726967205799127,0.6201977553727779,True
bird_136_symmetrical_8_1,75,31.927867968895047,58.21460059256481,19.038821160151787,0.3011337030499741,1.0745059274132802,0.0007145024967563085,0.6202796155376068,True
bird_136_symmetrical_8_1,76,31.98741104189136,57.967502622759255,19.2929919378267,0.30515387776796216,1.074365973994363,0.0005745490778390483,0.6201988246823268,True
bird_136_symmetrical_8_1,77,32.05249488459101,57.72179586562233,19.54717241914518,0.30917420596678263,1.073898882135952,0.00010745721942817532,0.6199291867483107,True
bird_136_symmetrical_8_1,78,32.11753271010235,57.476076932057744,19.80135289254816,0.31319453404040504,1.0737986972876452,7.272371121302967e-06,0.6198713530801986,True
bird_136_symmetrical_8_1,79,32.18282286422802,57.230424994969056,20.05553329781414,0.31721486103631646,1.0737954838436383,4.058927114414246e-06,0.6198694980566363,True
bird_136_symmetrical_8_1,80,32.24842033491193,56.98485601049374,20.309712672068546,0.32123517172489824,1.073815426800676,2.400188415219162e-05,0.6198810105196283,True
bird_136_symmetrical_8_1,81,32.31181773311515,56.73870875554234,20.563893122180367,0.3252554994301285,1.073791430317372,5.400847991055002e-09,0.6198671580791173,True
bird_136_symmetrical_8_1,82,32.375053820888816,56.49252107133614,20.818072544344574,0.32927581087649116,1.073839886861818,4.846194529406489e-05,0.6198951305695359,True
bird_136_symmetrical_8_1,83,32.44057827007215,56.24693147301944,21.07225300040314,0.33329613867578,1.0738427051730306,5.128025650669166e-05,0.6198967574949449,True
bird_136_symmetrical_8_1,84,32.50664988620054,56.00148923665017,21.326432759337173,0.3373164554487721,1.073830326984142,3.8902067618140634e-05,0.6198896119426972,True
bird_136_symmetrical_8_1,85,32.574551364300014,55.75654622579124,21.58061318599653,0.3413367827830588,1.0737933554138375,1.9304973135625403e-06,0.6198682693787995,True
bird_136_symmetrical_8_1,86,32.64189882934796,55.51145027626077,21.834793644577886,0.3453571106222502,1.0737932790354896,1.854118965693985e-06,0.6198682252879005,True
bird_136_symmetrical_8_1,87,32.70898665673094,55.26628326432999,22.08897397489877,0.34937743643276814,1.0738272511862226,3.582626969866887e-05,0.6198878363780379,True
bird_136_symmetrical_8_1,88,32.77703441930817,55.021381001303666,22.343154258215915,0.35339776149983615,1.0739679210826878,0.00017649616616388641,0.6199690408340311,True
bird_136_symmetrical_8_1,89,32.84642182649667,54.776857272723404,22.597332278735266,0.3574180507766274,1.0742750842137025,0.0004836592971786402,0.6201463567742715,True
bird_136_symmetrical_8_1,90,32.91978295772429,54.533498588197766,22.85150801500654,0.3614383039238665,1.0744049986067352,0.0006135736902113109,0.6202213524050142,True
bird_136_symmetrical_8_1,91,32.99807043493006,54.29167531241406,23.10568792333528,0.3654586230598086,1.0741931092461838,0.00040168432965992373,0.6200990351169042,True
bird_136_symmetrical_8_1,92,33.078196511808336,54.05045596467611,23.359866919161107,0.3694789277628517,1.0741898342230602,0.0003984093065363403,0.6200971445455894,True
bird_136_symmetrical_8_1,93,33.16101716171615,53.810149277528325,23.61404513211237,0.3734992200833048,1.074303030496685,0.0005116055801610564,0.6201624893140946,True
bird_136_symmetrical_8_1,94,33.247100616738734,53.57099515918116,23.868220373926036,0.3775194654097944,1.0743686788974776,0.0005772539809536514,0.6202003861406875,True
bird_136_symmetrical_8_1,95,33.33753040426661,53.3334507888955,24.122395263178984,0.38153970515989283,1.0741328549498033,0.00034143003327935517,0.6200642521428508,True
bird_136_symmetrical_8_1,96,33.43136206043649,53.09722354555032,24.376575691611315,0.3855600325222224,1.07386898796736,7.75630508360603e-05,0.6199119297533252,True
bird_136_symmetrical_8_1,97,33.52504601826589,52.86093794354368,24.630755882952457,0.3895803561345221,1.073828056783136,3.6631866612069075e-05,0.6198883014246522,True
bird_136_symmetrical_8_1,98,33.619730085354554,52.625051730308535,24.884935697561854,0.39360067378812164,1.0738140351896985,2.261027317462805e-05,0.6198802071849048,True
bird_136_symmetrical_8_1,99,33.71547004784174,52.38959137924939,25.139116179381258,0.39762100199486516,1.0738011942998211,9.769383297220102e-06,0.6198727945294386,True
bird_136_symmetrical_8_1,100,33.81121493216484,52.154133037019264,25.39329665424076,0.40164133009152514,1.0738010650196625,9.64010313864172e-06,0.6198727198999321,True
bird_136_symmetrical_8_1,101,33.90727099646618,51.91880276021627,25.64747593480713,0.4056616392982596,1.0738109705866448,1.9545670120857395e-05,0.6198784380827012,True
bird_136_symmetrical_8_1,102,34.00444420343189,51.6839304065172,25.901656293379823,0.40968196555563147,1.0738136463994918,2.222148296793236e-05,0.6198799827481346,True
bird_136_symmetrical_8_1,103,34.10152572338808,51.449020599143154,26.155836227909507,0.4137022851059893,1.0738537835051387,6.235858861480814e-05,0.6199031526793786,True
bird_136_symmetrical_8_1,104,34.20005879373324,51.21471808301412,26.410014187253037,0.41772257341517327,1.0738648798099528,7.345489342891476e-05,0.6199095582389091,True
bird_136_symmetrical_8_1,105,34.300508880802376,50.981228679787726,26.664194283663463,0.4217428955259704,1.0738247755553862,3.3350638862339466e-05,0.6198864072715954,True
bird_136_symmetrical_8_1,106,34.401357129303,50.74791086126058,26.918374482868497,0.4257632192626519,1.07381809403526,2.6669118736055708e-05,0.619882550233091,True
bird_136_symmetrical_8_1,107,34.50226804061909,50.51462173046637,27.172553220313947,0.4297835198789378,1.0738745686928104,8.314377628648728e-05,0.6199151513365185,True
bird_136_symmetrical_8_1,108,34.60485352832953,50.282063050559124,27.426732924242067,0.433803835781911,1.0739305242491102,0.00013909933258626772,0.6199474527785704,True
bird_136_symmetrical_8_1,109,34.7091377417067,50.050264103924114,27.68090992717663,0.4378241089637417,1.0739411435119184,0.00014971859539447685,0.6199535829562492,True
bird_136_symmetrical_8_1,110,34.815681002974785,49.81949265883632,27.935088853111786,0.44184441256133633,1.0738660335976238,7.460868109987473e-05,0.6199102242854657,True
bird_136_symmetrical_8_1,111,34.92338300733204,49.5892580286987,28.18926931392098,0.4458647404357651,1.0738286101793106,3.7185262786731954e-05,0.6198886208834451,True
bird_136_symmetrical_8_1,112,35.03131976999025,49.359133389919464,28.443449750041484,0.44988506791969707,1.0738373499344125,4.592501788858172e-05,0.619893666078447,True
bird_136_symmetrical_8_1,113,35.14005512086411,49.129386541172984,28.697628803148934,0.4539053735287536,1.0738185410648322,2.7116148308303778e-05,0.619882808289677,True
bird_136_symmetrical_8_1,114,35.251162474863264,48.90078375675745,28.951802124241507,0.4579255884755337,1.0738266837897463,3.525887322242127e-05,0.6198875088372964,True
bird_136_symmetrical_8_1,115,35.361686661875154,48.67191751542831,29.205958281622685,0.4619455319468939,1.0740494671563516,0.0002580422398277271,0.620016114904011,True
bird_136_symmetrical_8_1,116,35.46718592096405,48.44067070369823,29.460133775334477,0.4659657812576121,1.073877448582378,8.602366585419574e-05,0.6199168138092404,True
bird_136_symmetrical_8_1,117,35.571712319801776,48.208978702994855,29.714312750161106,0.4699860856285146,1.0737934556658193,2.030749295389711e-06,0.6198683272512217,True
bird_136_symmetrical_8_1,118,35.677343505208704,47.97778677088448,29.96849311290261,0.4740064119518238,1.0737950374608114,3.612544287490138e-06,0.6198692403733967,True
bird_136_symmetrical_8_1,119,35.7830642816635,47.74663573479129,30.222673529263034,0.4780267391232141,1.0738342949167372,4.2870000213302006e-05,0.619891902509591,True
bird_136_symmetrical_8_1,120,35.88707416013152,47.514716168781675,30.47684815411182,0.48204697469127816,1.073821917240261,3.049232373708577e-05,0.6198847572531434,True
bird_136_symmetrical_8_1,121,35.98959546020547,47.28212837545891,30.731028599015843,0.4860673023141376,1.0737936448395413,2.2199230174102524e-06,0.6198684364554621,True
bird_136_symmetrical_8_1,122,36.092591281500304,47.04975055839235,30.98520882851613,0.49008762652999377,1.0738497501238364,5.832520731252622e-05,0.6199008243309352,True
bird_136_symmetrical_8_1,123,36.197276173072694,46.81813244696263,31.239385688331872,0.49410789744813916,1.07390123223028,0.00010980731375598296,0.619930543386342,True
bird_136_symmetrical_8_1,124,36.30315900569627,46.58705554164747,31.493566156531973,0.4981282254394685,1.0740190735456066,0.00022764862908264405,0.6199985695962498,True
bird_136_symmetrical_8_1,125,36.410394007986625,46.35660606184232,31.747743866921134,0.5021485098109848,1.074317743896419,0.0005263189798951906,0.6201709829125918,True
bird_136_symmetrical_8_1,126,36.52138797949381,46.1279548408998,32.0019112183836,0.5061686303371701,1.0744330600279937,0.0006416351114697516,0.6202375514106647,True
bird_136_symmetrical_8_1,127,36.63712751333976,45.90166799194088,32.256079229169046,0.5101887612917516,1.0741502134433198,0.000358788526795939,0.620074272673599,True
bird_136_symmetrical_8_1,128,36.755345992080855,45.67665303052115,32.510258971828804,0.5142090778073363,1.073960797987874,0.0001693730713501207,0.6199649288878801,True
bird_136_symmetrical_8_1,129,36.87398108970948,45.451856608363855,32.764439454565135,0.5182294060285827,1.0739922156958541,0.00020079077933021772,0.6199830653758508,True
bird_136_symmetrical_8_1,130,36.99495182329796,45.22831591473582,33.018613332240704,0.5222496297787388,1.0739362829729324,0.00014485805640851446,0.6199507771148141,True
bird_136_symmetrical_8_1,131,37.119104600729045,45.00652458962458,33.2727890667994,0.5262698828988902,1.0737937033265228,2.278409998890396e-06,0.6198684702182189,True
bird_136_symmetrical_8_1,132,37.242874679040995,44.78451590637654,33.526967916672625,0.5302901852934266,1.0738131875707086,2.1762654184742658e-05,0.6198797178802228,True
bird_136_symmetrical_8_1,133,37.364072089545246,44.56109487464997,33.781144567312886,0.53431045290308,1.0737922184249897,7.935084658239333e-07,0.619867613029693,True
bird_136_symmetrical_8_1,134,37.486284287284874,44.33822560933802,34.0353227148729,0.5383307441892511,1.0738003331105666,8.908194042644979e-06,0.6198722973910551,True
bird_136_symmetrical_8_1,135,37.61004766129237,44.11621212814965,34.289502490966704,0.5423510612336564,1.0737991565602174,7.731643693498214e-06,0.6198716182042963,True
bird_136_symmetrical_8_1,136,37.732867096078664,43.89367517781275,34.54368216723228,0.5463713766990959,1.073839899772188,4.84748556641712e-05,0.6198951380223002,True
bird_136_symmetrical_8_1,137,37.854384835000324,43.67042436973512,34.79786219040473,0.5503916976515009,1.073820865934642,2.944101811808153e-05,0.6198841503663608,True
bird_136_symmetrical_8_1,138,37.97455041036046,43.44644283345474,35.05204223308344,0.5544120189124329,1.073794461285536,3.03636901199944e-06,0.6198689077649213,True
bird_136_symmetrical_8_1,139,38.09468849446966,43.222446054263315,35.306222712942855,0.5584323470881756,1.0738524138398349,6.098892331096728e-05,0.6199023620132255,True
bird_136_symmetrical_8_1,140,38.21758999403403,42.999954325239614,35.56040246838992,0.5624526638060149,1.0738014514382026,1.0026521678696554e-05,0.6198729429676112,True
bird_136_symmetrical_8_1,141,38.341018463927455,42.77775416365541,35.81458252069198,0.5664729852191578,1.0737945296870295,3.104770505579779e-06,0.6198689472510247,True
bird_136_symmetrical_8_1,142,38.46250869192857,42.55448786050963,36.0687630030665,0.5704933134346815,1.073806470592952,1.504567642807153e-05,0.6198758403731061,True
bird_136_symmetrical_8_1,143,38.58438723740713,42.33143588992786,36.32294121107887,0.574513605677017,1.0739596704897105,0.0001682455731866206,0.6199642780174572,True
bird_136_symmetrical_8_1,144,38.70905476225299,42.10992899607775,36.5771208636365,0.5785339207674721,1.0740425688438688,0.0002511439273449323,0.620012132717868,True
bird_136_symmetrical_8_1,145,38.83561052358312,41.889498793461826,36.83129764257421,0.5825541904063838,1.0740461704073945,0.0002547454908705671,0.6200142117910328,True
bird_136_symmetrical_8_1,146,38.96493801778331,41.670680188683626,37.085477072413006,0.5865745019741341,1.0739327642105587,0.0001413392940348146,0.6199487458402378,True
bird_136_symmetrical_8_1,147,39.095564471765876,41.45263350387755,37.339657376990246,0.5905948273774694,1.0738963005370696,0.00010487562054573019,0.6199276964697357,True
bird_136_symmetrical_8_1,148,39.22700019348813,41.235074500847766,37.59383697637612,0.5946151416269161,1.0739386447027657,0.00014721978624177012,0.6199521404696692,True
bird_136_symmetrical_8_1,149,39.36009865708047,41.01853153201967,37.84801419478785,0.5986354182169115,1.0739853289279608,0.00019390401143692948,0.6199790898540485,True
bird_136_symmetrical_8_1,150,39.4956025908329,40.80348614978193,38.102190968872655,0.6026556877790656,1.0739469832845099,0.0001555583679859751,0.6199569540794841,True
bird_136_symmetrical_8_1,151,39.632485993193164,40.589311808813164,38.356371444462596,0.6066760158872788,1.0739322880355366,0.00014086311901273518,0.6199484709588695,True
bird_136_symmetrical_8_1,152,39.77049999340505,40.37586948766822,38.610547542296814,0.6106962747532957,1.0739951448284242,0.0002037199119002686,0.6199847562750613,True
bird_136_symmetrical_8_1,153,39.91070939112389,40.16386006788308,38.864725962479,0.6147165703514841,1.0740683285017687,0.0002769035852447921,0.6200270029854867,True
bird_136_symmetrical_8_1,154,40.05251997984304,39.95291746923602,39.11890507845206,0.618736876954875,1.0742252408267003,0.0004338159101764383,0.6201175837017942,True
bird_136_symmetrical_8_1,155,40.197306821317454,39.744018451454494,39.37307437064571,0.6227570281772659,1.0742123195883706,0.0004208946718466944,0.6201101246636084,True
bird_136_symmetrical_8_1,156,40.34561266197558,39.53759679779795,39.62724856577892,0.6267772569485938,1.07394021813411,0.0001487932175860962,0.6199530487637646,True
bird_136_symmetrical_8_1,157,40.495506216930835,39.33231779116173,39.88142871524516,0.6307975798985654,1.0737941530346184,2.728118094541543e-06,0.619868729821035,True
bird_136_symmetrical_8_1,158,40.645240779143485,39.12692263047274,40.13560898819227,0.6348179048016124,1.0738392379059003,4.7812989376394555e-05,0.6198947559470077,True
bird_136_symmetrical_8_1,159,40.79387481246237,38.92073062521719,40.38978848951357,0.638838217499989,1.0739417810271896,0.00015035611066571697,0.61995395097444,True
bird_136_symmetrical_8_1,160,40.94141036715162,38.713750656985944,40.643968439837096,0.6428585373001553,1.0740489427648172,0.00025751784829330937,0.6200158121887155,True
bird_136_symmetrical_8_1,161,41.085607973870914,38.504439834854644,40.898141550226164,0.646878748914275,1.0738797952832386,8.837036671471843e-05,0.6199181684883263,True
bird_136_symmetrical_8_1,162,41.22828335289691,38.29407989267234,41.1523217403574,0.6508990725074377,1.073793977134611,2.552218087092939e-06,0.6198686282793067,True
bird_136_symmetrical_8_1,163,41.37160110259164,38.08415702728756,41.40650196537288,0.6549193966523585,1.0739255579017684,0.0001341329852444506,0.6199445858571871,True
bird_136_symmetrical_8_1,164,41.5166089945156,37.8753985778047,41.66068178154781,0.6589397143307199,1.074085897950813,0.0002944730342890889,0.6200371452944498,True
bird_136_symmetrical_8_1,165,41.663454346661936,37.66792815162632,41.914861905053996,0.662960036870086,1.0742069354565447,0.00041551054002075816,0.6201070165679397,True
bird_136_symmetrical_8_1,166,41.814715130339366,37.46365417803427,42.16904231532551,0.666980363945169,1.0739298243765025,0.00013839945997862202,0.6199470487633846,True
bird_136_symmetrical_8_1,167,41.96618507450018,37.25953573673105,42.423222334335925,0.6710006848317438,1.0738566790074773,6.525409095337054e-05,0.6199048241648786,True
bird_136_symmetrical_8_1,168,42.119011433214546,37.056430291485235,42.67740281707682,0.6750210130530623,1.0738036163775029,1.2191460978971946e-05,0.6198741927212725,True
bird_136_symmetrical_8_1,169,42.27194442201674,36.853405405867015,42.931583074461734,0.6790413377099648,1.073803673424897,1.2248508373113864e-05,0.6198742256529993,True
bird_136_symmetrical_8_1,170,42.42538106895374,36.65076117244801,43.185763109006636,0.6830616588422458,1.0738238819479224,3.2457031398536174e-05,0.619885891419165,True
bird_136_symmetrical_8_1,171,42.578414003487836,36.44781431016872,43.43994121184228,0.6870819494210195,1.0739985876325129,0.0002071627159889733,0.6199867437012281,True
bird_136_symmetrical_8_1,172,42.73397168475846,36.2468011466391,43.694115333488206,0.6911021770300119,1.0741072006632844,0.0003157757467604494,0.6200494427029279,True
bird_136_symmetrical_8_1,173,42.89247836817303,36.04809881865832,43.94829437241957,0.6951224824148478,1.0740498696586518,0.0002584447421278835,0.620016347256356,True
bird_136_symmetrical_8_1,174,43.05223690495753,35.850399931541126,44.20247470219137,0.699142808216681,1.074089313167993,0.0002978882514690362,0.6200391167955325,True
bird_136_symmetrical_8_1,175,43.213538008631375,35.653971296093616,44.45664443852945,0.7031629664640265,1.074230494636092,0.00043906971956819696,0.6201206165662824,True
bird_136_symmetrical_8_1,176,43.37839618827032,35.460510972190036,44.710819803816385,0.7071832137434713,1.0741082888238909,0.0003168639073669599,0.6200500708649747,True
bird_136_symmetrical_8_1,177,43.54536113047616,35.26886024653741,44.96499945006875,0.7112035287341971,1.0739481363173293,0.00015671140080542045,0.6199576196902878,True
bird_136_symmetrical_8_1,178,43.71342787182113,35.078175379723895,45.219178811894224,0.7152238392261926,1.0738581756156664,6.675069914252596e-05,0.6199056881113013,True
bird_136_symmetrical_8_1,179,43.88256991521339,34.888443004372334,45.47335867950662,0.7192441577181313,1.0737984157126048,6.990796080907913e-06,0.6198711905354853,True
bird_136_symmetrical_8_1,180,44.05240889138428,34.69933360370264,45.727539015584036,0.7232644836196993,1.0738191775396078,2.775262308385429e-05,0.6198831757072212,True
bird_136_symmetrical_8_1,181,44.22151832254744,34.5095775838257,45.98171483423692,0.727284738069954,1.0739107060989022,0.00011928118237825025,0.6199360123627681,True
bird_136_symmetrical_8_1,182,44.38856174134688,34.31799714563383,46.235893055298426,0.7313050305186853,1.073880928287744,8.950337122004548e-05,0.6199188225373929,True
bird_136_symmetrical_8_1,183,44.55448448289078,34.1254425455353,46.49007336566992,0.7353253560136673,1.0738211588054443,2.9733888920357998e-05,0.619884319431774,True
bird_136_symmetrical_8_1,184,44.719972358318365,33.93251403327302,46.74425371061672,0.7393456820555208,1.073792149800904,7.248843800766736e-07,0.6198675734150939,True
bird_136_symmetrical_8_1,185,44.885056793795854,33.739240182011564,46.99843406473237,0.7433660082423964,1.0738272518920644,3.5826975540498296e-05,0.6198878367854989,True
bird_136_symmetrical_8_1,186,45.050508636192454,33.54628199994213,47.252613474165884,0.7473863194874,1.0740229582239624,0.00023153330743852507,0.6200008121030015,True
bird_136_symmetrical_8_1,187,45.21829731292009,33.35536442126204,47.506783814463645,0.7514064872874702,1.0742899557020522,0.0004985307855283061,0.6201549416325219,True
bird_136_symmetrical_8_1,188,45.388231781036815,33.16634174135313,47.7609634693813,0.7554268024152534,1.0746892098494483,0.0008977849329243615,0.6203854189176913,True
bird_136_symmetrical_8_1,189,45.56160956022164,32.98050927064928,48.01511610360522,0.7594466901614517,1.074869079783436,0.0010776548669120256,0.6204892523639797,True
bird_136_symmetrical_8_1,190,45.740120442991625,32.79959388978325,48.26927453903718,0.7634666696643424,1.0743759357470652,0.0005845108305413405,0.6202045752994044,True
bird_136_symmetrical_8_1,191,45.92108224942212,32.62109900231947,48.52345479050707,0.767486994227688,1.074029745930839,0.00023832101431509045,0.6200047304398896,True
bird_136_symmetrical_8_1,192,46.10265584376992,32.44322692439349,48.777634739106645,0.7715073140005868,1.0739597898468738,0.00016836493034988465,0.61996434691872,True
bird_136_symmetrical_8_1,193,46.286196986247525,32.26739907184356,49.031805517746335,0.7755274887338346,1.0738478298099503,5.640489342639832e-05,0.6198997157920908,True
bird_136_symmetrical_8_1,194,46.4711948871543,32.093090453407115,49.28598600047688,0.7795478169549894,1.0737967095062033,5.2845896794107006e-06,0.6198702055943848,True
bird_136_symmetrical_8_1,195,46.6552161416057,31.917756435386742,49.54016278927758,0.7835680867499023,1.0738310366173924,3.9611700868524835e-05,0.6198900215924055,True
bird_136_symmetrical_8_1,196,46.83815511041017,31.741288323300505,49.794343160058894,0.7875884132003758,1.0738069110105246,1.548609400070511e-05,0.6198760946127856,True
bird_136_symmetrical_8_1,197,47.02046039439489,31.564166743720257,50.04852276294188,0.7916087275051358,1.0737931053057226,1.6803891986771902e-06,0.619868124998986,True
bird_136_symmetrical_8_1,198,47.203254843998764,31.387553917391372,50.30269967225872,0.7956289992062313,1.0737993667015717,7.941785047815841e-06,0.6198717395125135,True
bird_136_symmetrical_8_1,199,47.38672836390456,31.211641825439592,50.556879916576555,0.7996493236564541,1.0737914249918077,7.528377921062201e-11,0.619867155004831,True
bird_136_symmetrical_8_1,200,47.570155047847315,31.03568075957223,50.81106025626359,0.8036696496151148,1.0738002521860772,8.827269553313144e-06,0.6198722506758069,True
bird_136_symmetrical_8_1,201,47.75303921909685,30.859158681339224,51.06523866643512,0.8076899450549664,1.073803523036832,1.2098120308001725e-05,0.6198741388385399,True
bird_136_symmetrical_8_1,202,47.93529589932089,30.681985856688048,51.31941912847177,0.8117102729488096,1.073795871948649,4.447032124987871e-06,0.6198697220978636,True
bird_136_symmetrical_8_1,203,48.117701722040735,30.50496658854013,51.573599586921524,0.8157306007859194,1.0738026781294931,1.1253212969242199e-05,0.6198736510992117,True
bird_136_symmetrical_8_1,204,48.29989061432148,30.327724493829677,51.8277797446991,0.81975092386735,1.0738232439099977,3.181899347382e-05,0.6198855230992623,True
bird_136_symmetrical_8_1,205,48.48109432192506,30.14947751029779,52.08195836454645,0.8237712226236075,1.0738202843902505,2.8859473726550178e-05,0.6198838146584579,True
bird_136_symmetrical_8_1,206,48.66167718948113,29.97059893807373,52.33613884305668,0.8277915507780103,1.073806344652144,1.4919735620066987e-05,0.6198757676713051,True
bird_136_symmetrical_8_1,207,48.842015695392035,29.791474400763803,52.590319047991436,0.8318118746053178,1.0738008332941857,9.408377661834777e-06,0.6198725861318569,True
bird_136_symmetrical_8_1,208,49.02186042495366,29.611854014006266,52.8444993188427,0.8358321994752151,1.0737943126918146,2.887775290671968e-06,0.619868821986282,True
bird_136_symmetrical_8_1,209,49.201643689184266,29.432171944388827,53.09867970408007,0.8398525261543376,1.0737928622695254,1.4373530015099334e-06,0.6198679847015757,True
bird_136_symmetrical_8_1,210,49.381264176494234,29.25232752285774,53.352859828042035,0.8438728487009126,1.0737914400287,1.5112176177112246e-08,0.6198671636851719,True
bird_136_symmetrical_8_1,211,49.56087981420574,29.072478158570537,53.607040022284274,0.8478931723590984,1.0738006892483982,9.264331874314635e-06,0.6198725029786016,True
bird_136_symmetrical_8_1,212,49.74033624685493,28.892470391569677,53.86121989442172,0.8519134909226092,1.0738733009988117,8.187608228782395e-05,0.6199144195353008,True
bird_136_symmetrical_8_1,213,49.92102682346197,28.71371355289028,54.11539127725079,0.8559336752122145,1.073913202061647,0.00012177714512318083,0.6199374532062035,True
bird_136_symmetrical_8_1,214,50.103744571419355,28.537018073164713,54.36957048169928,0.8599539832150058,1.0738141105426293,2.2685626105412027e-05,0.6198802506838615,True
bird_136_symmetrical_8_1,215,50.287142588508615,28.361027047417327,54.62375087790616,0.863974310067631,1.0738042771430147,1.2852226490833729e-05,0.6198745741611206,True
bird_136_symmetrical_8_1,216,50.46947371207074,28.18393751099658,54.87792668818153,0.86799456438538,1.0738254512719674,3.402635544347277e-05,0.6198867973422413,True
bird_136_symmetrical_8_1,217,50.65080209703667,28.0058147113026,55.132107165333444,0.8720148925182987,1.073807237713728,1.581279720408446e-05,0.6198762832086157,True
bird_136_symmetrical_8_1,218,50.832093052483565,27.827653808619864,55.38628764800585,0.8760352207385339,1.0738192585179602,2.7833601436322297e-05,0.619883222453563,True
bird_136_symmetrical_8_1,219,51.01326687403991,27.649373842178225,55.64046809582149,0.8800555484074459,1.073890518883972,9.909396744811616e-05,0.6199243588971183,True
bird_136_symmetrical_8_1,220,51.19309716580676,27.469744444179067,55.894644519713424,0.8840758124306607,1.0739174373471003,0.00012601243057641653,0.6199398981077769,True
bird_136_symmetrical_8_1,221,51.37074895108865,27.287960534885077,56.14882073121255,0.8880960730944956,1.0738192351719398,2.781025541587212e-05,0.6198832089766149,True
bird_136_symmetrical_8_1,222,51.54818978887641,27.105965794600948,56.40300046369708,0.8921163894491405,1.0737963945912088,4.9696746848848505e-06,0.6198700238035293,True
bird_136_symmetrical_8_1,223,51.72630794263191,26.92463316203382,56.65718071535129,0.8961367140154013,1.0738429569013819,5.1531984857966506e-05,0.6198969028100716,True
bird_136_symmetrical_8_1,224,51.903473666826336,26.74237243660676,56.91135912879848,0.9001570095070635,1.0739150357515663,0.00012361083504242032,0.6199385117396644,True
bird_136_symmetrical_8_1,225,52.07880674914283,26.55834862633888,57.16553712253537,0.9041772983602412,1.0738564431605693,6.501824404536727e-05,0.6199046880176264,True
bird_136_symmetrical_8_1,226,52.25238197345851,26.37266478104825,57.41971589603574,0.9081975995468015,1.0737928992745134,1.4743579894727077e-06,0.6198680060634306,True
bird_136_symmetrical_8_1,227,52.42710418947029,26.1880599140108,57.67389459243255,0.9122178995138284,1.073797042705203,5.617788679135316e-06,0.6198703979400407,True
bird_136_symmetrical_8_1,228,52.60280597696632,26.004384975827275,57.92807484549329,0.916238224102336,1.0738067912248852,1.5366308361297598e-05,0.6198760254641764,True
bird_136_symmetrical_8_1,229,52.777721993708425,25.819961578007778,58.18225510156408,0.9202585487384533,1.0738784612044348,8.703628791084661e-05,0.6199173983651781,True
bird_136_symmetrical_8_1,230,52.95115003049596,25.634138333858075,58.436435277837326,0.9242788721124267,1.0739302975547926,0.00013887263826872775,0.6199473219148306,True
bird_136_symmetrical_8_1,231,53.12352169228802,25.447334444292885,58.690615692003405,0.9282991992491093,1.0739894938785464,0.00019806896202245738,0.6199814941534404,True
bird_136_symmetrical_8_1,232,53.29468184953922,25.259432841832375,58.944786523605856,0.9323193748200599,1.0740343761709041,0.00024295125438023035,0.620007403336757,True
bird_136_symmetrical_8_1,233,53.46238172460884,25.068424948399667,59.19896611258178,0.9363396889048543,1.0738320675023518,4.064258582792135e-05,0.6198906166909619,True
bird_136_symmetrical_8_1,234,53.62990979572629,24.87726772829691,59.453144666771045,0.9403599866226092,1.0737914290544806,4.137956644001406e-09,0.6198671573500886,True
bird_136_symmetrical_8_1,235,53.7984232381936,24.68697602826768,59.70732513689453,0.9443803146443605,1.0737918217736986,3.9685717467818904e-07,0.6198673840549576,True
bird_136_symmetrical_8_1,236,53.966386121758745,24.496199546096722,59.96150459398154,0.9484006266430909,1.0738011235106724,9.698594148455086e-06,0.6198727536650144,True
bird_136_symmetrical_8_1,237,54.134201699568685,24.30529237547426,60.2156848763615,0.9524209516953357,1.0738486919447279,5.7267028203966674e-05,0.619900213476296,True
bird_136_symmetrical_8_1,238,54.30399167730012,24.116143749085687,60.46986166405606,0.9564412214727529,1.0738112866747416,1.9861758217665226e-05,0.6198786205507529,True
bird_136_symmetrical_8_1,239,54.47441978385425,23.927564913427826,60.72404214474194,0.9604615496615676,1.0737925273763973,1.102459873392192e-06,0.6198677913779509,True
bird_136_symmetrical_8_1,240,54.64426479283898,23.738460921834978,60.978222487635264,0.9644818756709417,1.0738455702334293,5.414531690539626e-05,0.6198984114072382,True
bird_136_symmetrical_8_1,241,54.813437725967894,23.548755473780524,61.23240281402773,0.9685022014193245,1.074476029441599,0.0006846045250750166,0.6202623563472136,True
bird_136_symmetrical_8_1,242,54.98256222563367,23.359012696196295,61.48657877282906,0.9725224580862827,1.084426551890633,0.010635126974109177,0.6260064905410042,True
bird_136_symmetrical_8_1,243,55.144926311266566,23.163665672985054,61.740591677581754,0.976540135755883,1.1807176015635248,0.10692617664700088,0.6815923870419188,True
bird_136_symmetrical_8_1,244,55.28598329011369,22.952927318214325,61.99418135689255,0.9805511193427212,1.5507129313267287,0.4769215064102048,0.8951794460251299,True
bird_136_symmetrical_8_1,245,55.31942036110883,22.74265883798145,62.20709183454966,0.9839186871146806,1.732292824877032,0.658501399960508,1.0,True
bird_136_symmetrical_8_1,246,55.13521897501839,22.567508710464743,62.46127231729127,0.9879390153360104,1.2064618250196344,0.1326704001031105,0.6964537448253161,True
bird_136_symmetrical_8_1,247,54.951017588927954,22.39235858294804,62.71545280003287,0.9919593435573402,0.0,,0.0,False
bird_136_symmetrical_8_1,248,54.76681620283752,22.217208455431333,62.96963328277448,0.9959796717786701,0.0,,0.0,False
bird_136_symmetrical_8_1,249,54.582614816747075,22.042058327914628,63.22381376551609,1.0,0.0,,0.0,False
